市场代码,合约代码,时间,最新,持仓,增仓,成交额,成交量,开仓,平仓,成交类型,方向,买一价,卖一价,买一量,卖一量
sc,au1706,2017-02-08 21:10:21.000,278.5000,325136,0,1671000.0000,6.0000,3,3,多换,B,278.4500,278.5000,44,73
sc,au1706,2017-02-08 21:10:21.500,278.5000,325146,10,3342000.0000,12.0000,11,1,多开,B,278.4500,278.5000,48,68
sc,au1706,2017-02-08 21:10:26.000,278.5000,325144,-2,2227900.0000,8.0000,3,5,空平,B,278.4500,278.5000,55,60
sc,au1706,2017-02-08 21:10:26.500,278.5000,325144,0,3899000.0000,14.0000,7,7,多换,B,278.4500,278.5000,55,53
sc,au1706,2017-02-08 21:10:27.000,278.5000,325172,28,15595900.0000,56.0000,42,14,多开,B,278.4500,278.5000,55,26
sc,au1706,2017-02-08 21:10:28.000,278.5000,325164,-8,3898800.0000,14.0000,3,11,空平,B,278.4500,278.5000,51,21
sc,au1706,2017-02-08 21:10:29.000,278.5000,325164,0,2228000.0000,8.0000,4,4,多换,B,278.4500,278.5000,51,20
sc,au1706,2017-02-08 21:10:29.500,278.5000,325158,-6,1671000.0000,6.0000,0,6,双平,B,278.4500,278.5000,51,17
sc,au1706,2017-02-08 21:10:30.000,278.5000,325152,-6,1671000.0000,6.0000,0,6,双平,B,278.4500,278.5000,51,15
sc,au1706,2017-02-08 21:10:30.500,278.5000,325146,-6,2228000.0000,8.0000,1,7,空平,B,278.4500,278.5000,47,11
sc,au1706,2017-02-08 21:10:31.000,278.5000,325144,-2,11697000.0000,42.0000,20,22,空平,B,278.5000,278.5500,3,137
sc,au1706,2017-02-08 21:10:31.500,278.5000,325144,0,2785000.0000,10.0000,5,5,多换,B,278.4500,278.5000,47,6
sc,au1706,2017-02-08 21:10:32.000,278.4500,325144,0,1113900.0000,4.0000,2,2,空换,S,278.4500,278.5500,46,138
sc,au1706,2017-02-08 21:10:32.500,278.5500,325146,2,557100.0000,2.0000,2,0,双开,B,278.4500,278.5500,42,137
sc,au1706,2017-02-08 21:10:34.000,278.5000,325146,0,1114000.0000,4.0000,2,2,空换,S,278.4500,278.5000,44,10
sc,au1706,2017-02-08 21:10:34.500,278.5000,325144,-2,1113900.0000,4.0000,1,3,多平,S,278.5000,278.5500,2,137
sc,au1706,2017-02-08 21:10:35.000,278.5000,325142,-2,557000.0000,2.0000,0,2,双平,S,278.5000,278.5500,3,137
sc,au1706,2017-02-08 21:10:36.000,278.5000,325142,0,557000.0000,2.0000,1,1,空换,S,278.5000,278.5500,2,126
sc,au1706,2017-02-08 21:10:36.500,278.5500,325142,0,557100.0000,2.0000,1,1,多换,B,278.5000,278.5500,2,124
sc,au1706,2017-02-08 21:10:38.500,278.5000,325142,0,1114000.0000,4.0000,2,2,空换,S,278.5000,278.5500,30,91
sc,au1706,2017-02-08 21:10:39.500,278.5000,325142,0,557000.0000,2.0000,1,1,空换,S,278.5000,278.5500,32,92
sc,au1706,2017-02-08 21:10:40.000,278.5000,325138,-4,1114000.0000,4.0000,0,4,双平,S,278.5000,278.5500,33,92
sc,au1706,2017-02-08 21:10:40.500,278.5000,325138,0,557000.0000,2.0000,1,1,空换,S,278.5000,278.5500,38,84
sc,au1706,2017-02-08 21:10:42.000,278.5000,325138,0,1114100.0000,4.0000,2,2,空换,S,278.5000,278.5500,50,83
sc,au1706,2017-02-08 21:10:42.500,278.5500,325140,2,557100.0000,2.0000,2,0,双开,B,278.5000,278.5500,51,82
sc,au1706,2017-02-08 21:10:45.500,278.5000,325138,-2,557000.0000,2.0000,0,2,双平,S,278.5000,278.5500,52,84
sc,au1706,2017-02-08 21:10:49.500,278.5000,325138,0,6127000.0000,22.0000,11,11,空换,S,278.5000,278.5500,33,86
sc,au1706,2017-02-08 21:10:51.000,278.5000,325138,0,557000.0000,2.0000,1,1,空换,S,278.5000,278.5500,27,87
sc,au1706,2017-02-08 21:10:53.000,278.5000,325138,0,6127000.0000,22.0000,11,11,空换,S,278.5000,278.5500,16,88
sc,au1706,2017-02-08 21:10:54.000,278.5500,325138,0,557100.0000,2.0000,1,1,多换,B,278.5000,278.5500,24,87
sc,au1706,2017-02-08 21:10:54.500,278.5000,325138,0,557000.0000,2.0000,1,1,空换,S,278.5000,278.5500,23,87
sc,au1706,2017-02-08 21:10:55.000,278.5500,325138,0,557100.0000,2.0000,1,1,多换,B,278.5000,278.5500,23,94
sc,au1706,2017-02-08 21:10:58.000,278.5500,325138,0,1114100.0000,4.0000,2,2,多换,B,278.5000,278.5500,28,102
sc,au1706,2017-02-08 21:10:59.500,278.5000,325200,62,23951300.0000,86.0000,74,12,空开,S,278.4500,278.5000,49,2
sc,au1706,2017-02-08 21:11:01.000,278.5000,325198,-2,557000.0000,2.0000,0,2,双平,S,278.4500,278.5000,46,14
sc,au1706,2017-02-08 21:11:02.000,278.5000,325198,0,557000.0000,2.0000,1,1,空换,S,278.4500,278.5000,46,34
sc,au1706,2017-02-08 21:11:03.000,278.5000,325200,2,557000.0000,2.0000,2,0,双开,S,278.4500,278.5000,44,43
sc,au1706,2017-02-08 21:11:04.000,278.5000,325206,6,1671000.0000,6.0000,6,0,双开,S,278.4500,278.5000,44,53
sc,au1706,2017-02-08 21:11:04.500,278.4500,325208,2,556900.0000,2.0000,2,0,双开,S,278.4500,278.5000,43,54
sc,au1706,2017-02-08 21:11:05.000,278.5000,325208,0,1114000.0000,4.0000,2,2,多换,B,278.4500,278.5000,44,52
sc,au1706,2017-02-08 21:11:06.500,278.5000,325210,2,557000.0000,2.0000,2,0,双开,B,278.4500,278.5000,44,51
sc,au1706,2017-02-08 21:11:07.500,278.5000,325210,0,557000.0000,2.0000,1,1,多换,B,278.4500,278.5000,43,39
sc,au1706,2017-02-08 21:11:08.500,278.4500,325212,2,1670900.0000,6.0000,4,2,空开,S,278.4500,278.5000,45,39
sc,au1706,2017-02-08 21:11:10.000,278.5000,325214,2,557000.0000,2.0000,2,0,双开,B,278.4500,278.5000,43,38
sc,au1706,2017-02-08 21:11:11.500,278.5000,325214,0,557000.0000,2.0000,1,1,多换,B,278.4500,278.5000,43,37
sc,au1706,2017-02-08 21:11:14.000,278.4500,325214,0,556900.0000,2.0000,1,1,空换,S,278.4500,278.5000,41,39
sc,au1706,2017-02-08 21:11:14.500,278.4500,325210,-4,5012100.0000,18.0000,7,11,多平,S,278.4500,278.5000,32,40
sc,au1706,2017-02-08 21:11:15.000,278.4500,325210,0,556900.0000,2.0000,1,1,空换,S,278.4500,278.5000,31,41
sc,au1706,2017-02-08 21:11:18.500,278.5000,325210,0,557000.0000,2.0000,1,1,多换,B,278.4500,278.5000,27,46
sc,au1706,2017-02-08 21:11:20.000,278.5000,325210,0,1671000.0000,6.0000,3,3,多换,B,278.4500,278.5000,27,43
sc,au1706,2017-02-08 21:11:21.000,278.4500,325210,0,1113800.0000,4.0000,2,2,空换,S,278.4500,278.5000,25,44
sc,au1706,2017-02-08 21:11:22.500,278.4500,325212,2,556900.0000,2.0000,2,0,双开,S,278.4500,278.5000,25,45
sc,au1706,2017-02-08 21:11:23.000,278.5000,325212,0,2785000.0000,10.0000,5,5,多换,B,278.4500,278.5000,25,40
sc,au1706,2017-02-08 21:11:24.000,278.4500,325218,6,1670900.0000,6.0000,6,0,双开,S,278.4500,278.5000,24,38
sc,au1706,2017-02-08 21:11:25.000,278.4500,325222,4,1113800.0000,4.0000,4,0,双开,S,278.4500,278.5000,24,38
sc,au1706,2017-02-08 21:11:31.000,278.4500,325234,12,10024200.0000,36.0000,24,12,空开,S,278.4000,278.4500,58,9
sc,au1706,2017-02-08 21:11:31.500,278.4500,325238,4,6125900.0000,22.0000,13,9,空开,S,278.4000,278.5000,66,99
sc,au1706,2017-02-08 21:11:32.000,278.4000,325236,-2,1113600.0000,4.0000,1,3,多平,S,278.4000,278.4500,64,1
sc,au1706,2017-02-08 21:11:32.500,278.5000,325232,-4,1670900.0000,6.0000,1,5,空平,B,278.4500,278.5000,5,97
sc,au1706,2017-02-08 21:11:33.500,278.5000,325232,0,557000.0000,2.0000,1,1,多换,B,278.4500,278.5000,7,98
sc,au1706,2017-02-08 21:11:35.500,278.4500,325234,2,4455200.0000,16.0000,9,7,空开,S,278.4000,278.4500,65,1
sc,au1706,2017-02-08 21:11:36.000,278.4500,325238,4,1113800.0000,4.0000,4,0,双开,S,278.4500,278.5000,6,109
sc,au1706,2017-02-08 21:11:37.500,278.4500,325232,-6,1670700.0000,6.0000,0,6,双平,S,278.4500,278.5000,5,109
sc,au1706,2017-02-08 21:11:38.000,278.4500,325232,0,3341400.0000,12.0000,6,6,空换,S,278.4000,278.4500,67,2
sc,au1706,2017-02-08 21:11:38.500,278.5000,325228,-4,2227700.0000,8.0000,2,6,空平,B,278.4000,278.5000,67,108
sc,au1706,2017-02-08 21:11:40.000,278.4500,325228,0,1113800.0000,4.0000,2,2,空换,S,278.4500,278.5000,6,108
sc,au1706,2017-02-08 21:11:40.500,278.4500,325226,-2,1113800.0000,4.0000,1,3,多平,S,278.4500,278.5000,6,109
sc,au1706,2017-02-08 21:11:42.500,278.4500,325222,-4,1670700.0000,6.0000,1,5,多平,S,278.4500,278.5000,3,110
sc,au1706,2017-02-08 21:11:43.500,278.4500,325220,-2,556900.0000,2.0000,0,2,双平,S,278.4500,278.5000,2,111
sc,au1706,2017-02-08 21:11:45.000,278.4500,325220,0,556900.0000,2.0000,1,1,空换,S,278.4500,278.5000,1,111
sc,au1706,2017-02-08 21:11:46.000,278.4500,325218,-2,556900.0000,2.0000,0,2,双平,S,278.4000,278.4500,67,8
sc,au1706,2017-02-08 21:11:46.500,278.4500,325206,-12,4455000.0000,16.0000,2,14,多平,S,278.4000,278.4500,66,16
sc,au1706,2017-02-08 21:11:47.000,278.4500,325204,-2,3341400.0000,12.0000,5,7,多平,S,278.4000,278.4500,71,11
sc,au1706,2017-02-08 21:11:47.500,278.4500,325204,0,1670700.0000,6.0000,3,3,空换,S,278.4000,278.4500,70,32
sc,au1706,2017-02-08 21:11:48.000,278.4500,325200,-4,2227600.0000,8.0000,2,6,多平,S,278.4000,278.4500,70,29
sc,au1706,2017-02-08 21:11:49.500,278.4500,325198,-2,556900.0000,2.0000,0,2,双平,S,278.4000,278.4500,70,28
sc,au1706,2017-02-08 21:11:51.000,278.4000,325198,0,556800.0000,2.0000,1,1,空换,S,278.4000,278.4500,68,36
sc,au1706,2017-02-08 21:11:51.500,278.4000,325198,0,556800.0000,2.0000,1,1,空换,S,278.4000,278.4500,67,36
sc,au1706,2017-02-08 21:11:54.000,278.4500,325196,-2,556900.0000,2.0000,0,2,双平,B,278.4000,278.4500,67,37
sc,au1706,2017-02-08 21:11:57.500,278.4500,325196,0,2227600.0000,8.0000,4,4,多换,B,278.4000,278.4500,92,33
sc,au1706,2017-02-08 21:11:58.000,278.4500,325204,8,2784500.0000,10.0000,9,1,多开,B,278.4000,278.4500,93,12
sc,au1706,2017-02-08 21:11:58.500,278.4500,325186,-18,6682800.0000,24.0000,3,21,空平,B,278.4500,278.5000,59,105
sc,au1706,2017-02-08 21:11:59.000,278.5000,325186,0,557000.0000,2.0000,1,1,多换,B,278.4500,278.5000,68,108
sc,au1706,2017-02-08 21:12:03.500,278.4500,325184,-2,556900.0000,2.0000,0,2,双平,S,278.4500,278.5000,73,97
sc,au1706,2017-02-08 21:12:06.500,278.5000,325184,0,557000.0000,2.0000,1,1,多换,B,278.4500,278.5000,83,93
sc,au1706,2017-02-08 21:12:09.000,278.4500,325184,0,556900.0000,2.0000,1,1,空换,S,278.4500,278.5000,95,95
sc,au1706,2017-02-08 21:12:11.000,278.5000,325194,10,25065000.0000,90.0000,50,40,多开,B,278.4500,278.5000,102,41
sc,au1706,2017-02-08 21:12:11.500,278.5000,325262,68,23951000.0000,86.0000,77,9,多开,B,278.5000,278.5500,17,136
sc,au1706,2017-02-08 21:12:12.000,278.5500,325266,4,1114200.0000,4.0000,4,0,双开,B,278.5000,278.5500,9,139
sc,au1706,2017-02-08 21:12:12.500,278.5000,325264,-2,557000.0000,2.0000,0,2,双平,S,278.5000,278.5500,25,141
sc,au1706,2017-02-08 21:12:14.500,278.5000,325262,-2,557000.0000,2.0000,0,2,双平,S,278.5000,278.5500,32,139
sc,au1706,2017-02-08 21:12:15.000,278.5000,325262,0,557000.0000,2.0000,1,1,空换,S,278.5000,278.5500,31,139
sc,au1706,2017-02-08 21:12:17.000,278.5000,325260,-2,557000.0000,2.0000,0,2,双平,S,278.5000,278.5500,39,141
sc,au1706,2017-02-08 21:12:18.000,278.5000,325250,-10,2785000.0000,10.0000,0,10,双平,S,278.5000,278.5500,23,136
sc,au1706,2017-02-08 21:12:19.000,278.5000,325250,0,3342000.0000,12.0000,6,6,空换,S,278.5000,278.5500,16,136
sc,au1706,2017-02-08 21:12:19.500,278.5000,325272,22,8912000.0000,32.0000,27,5,空开,S,278.4500,278.5000,104,34
sc,au1706,2017-02-08 21:12:22.500,278.5000,325272,0,557000.0000,2.0000,1,1,空换,S,278.4500,278.5000,104,36
sc,au1706,2017-02-08 21:12:23.000,278.5000,325274,2,557000.0000,2.0000,2,0,双开,S,278.4500,278.5000,104,35
sc,au1706,2017-02-08 21:12:25.000,278.4500,325314,40,11696900.0000,42.0000,41,1,空开,S,278.4500,278.5000,103,15
sc,au1706,2017-02-08 21:12:26.000,278.5000,325342,28,8355000.0000,30.0000,29,1,多开,B,278.5000,278.5500,20,124
sc,au1706,2017-02-08 21:12:27.000,278.5000,325344,2,557000.0000,2.0000,2,0,双开,B,278.5000,278.5500,11,124
sc,au1706,2017-02-08 21:12:29.500,278.5000,325344,0,1114000.0000,4.0000,2,2,多换,B,278.5000,278.5500,15,124
sc,au1706,2017-02-08 21:12:30.500,278.5000,325344,0,1114000.0000,4.0000,2,2,多换,B,278.5000,278.5500,13,125
sc,au1706,2017-02-08 21:12:31.000,278.5500,325356,12,3342500.0000,12.0000,12,0,双开,B,278.5000,278.5500,13,125
sc,au1706,2017-02-08 21:12:32.000,278.5000,325356,0,1671000.0000,6.0000,3,3,空换,S,278.5000,278.5500,12,133
sc,au1706,2017-02-08 21:12:32.500,278.5000,325350,-6,6684000.0000,24.0000,9,15,多平,S,278.4500,278.5000,104,8
sc,au1706,2017-02-08 21:12:33.000,278.5500,325350,0,1671100.0000,6.0000,3,3,多换,B,278.5000,278.5500,11,134
sc,au1706,2017-02-08 21:12:37.500,278.5500,325416,66,18384300.0000,66.0000,66,0,双开,B,278.5000,278.5500,38,102
sc,au1706,2017-02-08 21:12:38.000,278.5000,325416,0,557000.0000,2.0000,1,1,空换,S,278.5000,278.5500,39,100
sc,au1706,2017-02-08 21:12:39.000,278.5500,325424,8,2228100.0000,8.0000,8,0,双开,B,278.5000,278.5500,39,99
sc,au1706,2017-02-08 21:12:41.000,278.5000,325428,4,1114100.0000,4.0000,4,0,双开,S,278.5000,278.5500,38,103
sc,au1706,2017-02-08 21:12:44.000,278.5000,325428,0,557000.0000,2.0000,1,1,空换,S,278.5000,278.5500,47,103
sc,au1706,2017-02-08 21:12:48.500,278.5500,325428,0,557100.0000,2.0000,1,1,多换,B,278.5000,278.5500,63,105
sc,au1706,2017-02-08 21:12:50.500,278.5000,325428,0,557000.0000,2.0000,1,1,空换,S,278.5000,278.5500,70,105
sc,au1706,2017-02-08 21:12:51.000,278.5500,325428,0,557100.0000,2.0000,1,1,多换,B,278.5000,278.5500,70,103
sc,au1706,2017-02-08 21:12:52.500,278.5500,325430,2,557100.0000,2.0000,2,0,双开,B,278.5000,278.5500,90,93
sc,au1706,2017-02-08 21:12:53.000,278.5500,325396,-34,27855000.0000,100.0000,33,67,空平,B,278.5000,278.5500,104,43
sc,au1706,2017-02-08 21:12:53.500,278.5500,325422,26,9470700.0000,34.0000,30,4,多开,B,278.5000,278.5500,107,26
sc,au1706,2017-02-08 21:12:54.000,278.5500,325418,-4,14484600.0000,52.0000,24,28,空平,B,278.5500,278.6000,1,81
sc,au1706,2017-02-08 21:12:56.000,278.6000,325416,-2,4457600.0000,16.0000,7,9,空平,B,278.5500,278.6000,69,62
sc,au1706,2017-02-08 21:12:56.500,278.6000,325428,12,4457600.0000,16.0000,14,2,多开,B,278.5500,278.6000,79,53
sc,au1706,2017-02-08 21:12:57.000,278.6000,325424,-4,2228800.0000,8.0000,2,6,空平,B,278.5500,278.6000,79,49
sc,au1706,2017-02-08 21:12:57.500,278.5500,325426,2,557100.0000,2.0000,2,0,双开,S,278.5500,278.6000,78,49
sc,au1706,2017-02-08 21:12:58.000,278.5500,325428,2,557100.0000,2.0000,2,0,双开,S,278.5500,278.6000,77,51
sc,au1706,2017-02-08 21:12:58.500,278.6000,325426,-2,1114400.0000,4.0000,1,3,空平,B,278.5500,278.6000,77,49
sc,au1706,2017-02-08 21:12:59.000,278.5500,325426,0,1114200.0000,4.0000,2,2,空换,S,278.5500,278.6000,75,49
sc,au1706,2017-02-08 21:13:00.500,278.6000,325418,-8,12258300.0000,44.0000,18,26,空平,B,278.5500,278.6000,74,36
sc,au1706,2017-02-08 21:13:01.500,278.6000,325418,0,3343200.0000,12.0000,6,6,多换,B,278.5500,278.6000,87,26
sc,au1706,2017-02-08 21:13:03.000,278.6000,325420,2,557200.0000,2.0000,2,0,双开,B,278.5500,278.6000,88,25
sc,au1706,2017-02-08 21:13:03.500,278.6000,325420,0,557200.0000,2.0000,1,1,多换,B,278.5500,278.6000,88,24
sc,au1706,2017-02-08 21:13:04.000,278.6000,325422,2,557200.0000,2.0000,2,0,双开,B,278.5500,278.6000,88,23
sc,au1706,2017-02-08 21:13:04.500,278.6000,325426,4,3343200.0000,12.0000,8,4,多开,B,278.5500,278.6000,89,17
sc,au1706,2017-02-08 21:13:05.000,278.6000,325424,-2,3343200.0000,12.0000,5,7,空平,B,278.5500,278.6000,85,11
sc,au1706,2017-02-08 21:13:05.500,278.6500,325434,10,8358400.0000,30.0000,20,10,多开,B,278.6000,278.6500,5,111
sc,au1706,2017-02-08 21:13:06.000,278.6500,325412,-22,8916000.0000,32.0000,5,27,空平,B,278.6000,278.6500,18,106
sc,au1706,2017-02-08 21:13:06.500,278.6000,325414,2,1114400.0000,4.0000,3,1,空开,S,278.6000,278.6500,18,106
sc,au1706,2017-02-08 21:13:07.000,278.6000,325416,2,2228800.0000,8.0000,5,3,空开,S,278.6000,278.6500,17,106
sc,au1706,2017-02-08 21:13:08.000,278.6500,325414,-2,557300.0000,2.0000,0,2,双平,B,278.6000,278.6500,15,106
sc,au1706,2017-02-08 21:13:08.500,278.6000,325416,2,557200.0000,2.0000,2,0,双开,S,278.6000,278.6500,14,106
sc,au1706,2017-02-08 21:13:09.500,278.6500,325416,0,557300.0000,2.0000,1,1,多换,B,278.6000,278.6500,14,105
sc,au1706,2017-02-08 21:13:10.000,278.6000,325418,2,557200.0000,2.0000,2,0,双开,S,278.6000,278.6500,18,105
sc,au1706,2017-02-08 21:13:10.500,278.6000,325420,2,557200.0000,2.0000,2,0,双开,S,278.6000,278.6500,17,105
sc,au1706,2017-02-08 21:13:13.000,278.6000,325412,-8,2786000.0000,10.0000,1,9,多平,S,278.6000,278.6500,22,107
sc,au1706,2017-02-08 21:13:13.500,278.6500,325412,0,557300.0000,2.0000,1,1,多换,B,278.6000,278.6500,22,106
sc,au1706,2017-02-08 21:13:14.000,278.6000,325398,-14,6686500.0000,24.0000,5,19,多平,S,278.6000,278.6500,11,101
sc,au1706,2017-02-08 21:13:14.500,278.6000,325394,-4,6129200.0000,22.0000,9,13,多平,S,278.5500,278.6000,72,29
sc,au1706,2017-02-08 21:13:15.000,278.6000,325390,-4,1114400.0000,4.0000,0,4,双平,S,278.5500,278.6000,77,21
sc,au1706,2017-02-08 21:13:15.500,278.6000,325388,-2,557200.0000,2.0000,0,2,双平,S,278.5500,278.6000,66,23
sc,au1706,2017-02-08 21:13:16.500,278.6000,325384,-4,2786000.0000,10.0000,3,7,多平,S,278.5500,278.6000,68,29
sc,au1706,2017-02-08 21:13:17.500,278.6000,325386,2,557200.0000,2.0000,2,0,双开,S,278.5500,278.6000,55,43
sc,au1706,2017-02-08 21:13:19.000,278.5500,325392,6,1671400.0000,6.0000,6,0,双开,S,278.5500,278.6000,48,43
sc,au1706,2017-02-08 21:13:20.000,278.5500,325416,24,6685200.0000,24.0000,24,0,双开,S,278.5500,278.6000,39,32
sc,au1706,2017-02-08 21:13:20.500,278.5500,325418,2,557100.0000,2.0000,2,0,双开,S,278.5500,278.6000,41,33
sc,au1706,2017-02-08 21:13:21.500,278.6000,325420,2,557200.0000,2.0000,2,0,双开,B,278.5500,278.6000,42,32
sc,au1706,2017-02-08 21:13:22.500,278.5500,325420,0,557100.0000,2.0000,1,1,空换,S,278.5500,278.6000,41,33
sc,au1706,2017-02-08 21:13:23.500,278.6000,325424,4,1671600.0000,6.0000,5,1,多开,B,278.5500,278.6000,41,31
sc,au1706,2017-02-08 21:13:24.000,278.6000,325424,0,557200.0000,2.0000,1,1,多换,B,278.5500,278.6000,41,30
sc,au1706,2017-02-08 21:13:24.500,278.6000,325426,2,557200.0000,2.0000,2,0,双开,B,278.5500,278.6000,41,29
sc,au1706,2017-02-08 21:13:26.500,278.6000,325426,0,2786000.0000,10.0000,5,5,多换,B,278.5500,278.6000,41,24
sc,au1706,2017-02-08 21:13:28.500,278.6000,325424,-2,1114300.0000,4.0000,1,3,空平,B,278.5500,278.6000,40,25
sc,au1706,2017-02-08 21:13:29.500,278.6000,325424,0,557200.0000,2.0000,1,1,多换,B,278.5500,278.6000,40,24
sc,au1706,2017-02-08 21:13:31.500,278.6000,325424,0,557200.0000,2.0000,1,1,多换,B,278.5500,278.6000,41,31
sc,au1706,2017-02-08 21:13:33.500,278.6000,325422,-2,557200.0000,2.0000,0,2,双平,B,278.5500,278.6000,43,35
sc,au1706,2017-02-08 21:13:35.000,278.5500,325420,-2,557100.0000,2.0000,0,2,双平,S,278.5500,278.6000,48,37
sc,au1706,2017-02-08 21:13:36.500,278.5500,325422,2,557100.0000,2.0000,2,0,双开,S,278.5500,278.6000,48,41
sc,au1706,2017-02-08 21:13:38.500,278.5500,325420,-2,557100.0000,2.0000,0,2,双平,S,278.5500,278.6000,49,54
sc,au1706,2017-02-08 21:13:39.500,278.6000,325420,0,2786000.0000,10.0000,5,5,多换,B,278.5500,278.6000,49,56
sc,au1706,2017-02-08 21:13:40.500,278.6000,325422,2,557200.0000,2.0000,2,0,双开,B,278.5500,278.6000,49,55
sc,au1706,2017-02-08 21:13:41.000,278.6000,325416,-6,1671600.0000,6.0000,0,6,双平,B,278.5500,278.6000,56,50
sc,au1706,2017-02-08 21:13:46.000,278.6000,325414,-2,1671600.0000,6.0000,2,4,空平,B,278.5500,278.6000,56,47
sc,au1706,2017-02-08 21:13:46.500,278.6000,325414,0,557200.0000,2.0000,1,1,多换,B,278.5500,278.6000,56,46
sc,au1706,2017-02-08 21:13:47.500,278.6000,325416,2,5572000.0000,20.0000,11,9,多开,B,278.5500,278.6000,57,36
sc,au1706,2017-02-08 21:13:49.500,278.5500,325414,-2,557100.0000,2.0000,0,2,双平,S,278.5500,278.6000,62,35
sc,au1706,2017-02-08 21:13:50.000,278.6000,325412,-2,1114400.0000,4.0000,1,3,空平,B,278.5500,278.6000,62,33
sc,au1706,2017-02-08 21:13:52.000,278.6000,325412,0,1671600.0000,6.0000,3,3,多换,B,278.5500,278.6000,62,45
sc,au1706,2017-02-08 21:13:52.500,278.6000,325412,0,1671600.0000,6.0000,3,3,多换,B,278.5500,278.6000,62,42
sc,au1706,2017-02-08 21:13:57.000,278.6000,325414,2,557200.0000,2.0000,2,0,双开,B,278.5500,278.6000,62,41
sc,au1706,2017-02-08 21:13:59.000,278.6000,325414,0,557200.0000,2.0000,1,1,多换,B,278.5500,278.6000,64,40
sc,au1706,2017-02-08 21:13:59.500,278.6000,325416,2,557200.0000,2.0000,2,0,双开,B,278.5500,278.6000,64,39
sc,au1706,2017-02-08 21:14:00.500,278.5500,325416,0,557100.0000,2.0000,1,1,空换,S,278.5500,278.6000,60,40
sc,au1706,2017-02-08 21:14:01.000,278.6000,325416,0,1114400.0000,4.0000,2,2,多换,B,278.5500,278.6000,60,38
sc,au1706,2017-02-08 21:14:01.500,278.6000,325428,12,3343200.0000,12.0000,12,0,双开,B,278.5500,278.6000,60,32
sc,au1706,2017-02-08 21:14:02.000,278.6000,325430,2,557200.0000,2.0000,2,0,双开,B,278.5500,278.6000,60,31
sc,au1706,2017-02-08 21:14:03.500,278.6000,325432,2,1114300.0000,4.0000,3,1,多开,B,278.5500,278.6000,59,30
sc,au1706,2017-02-08 21:14:06.000,278.6000,325434,2,557200.0000,2.0000,2,0,双开,B,278.5500,278.6000,62,30
sc,au1706,2017-02-08 21:14:08.500,278.5500,325436,2,3342700.0000,12.0000,7,5,空开,S,278.5500,278.6000,58,28
sc,au1706,2017-02-08 21:14:09.000,278.6000,325434,-2,557200.0000,2.0000,0,2,双平,B,278.5500,278.6000,58,27
sc,au1706,2017-02-08 21:14:09.500,278.5500,325432,-2,2785500.0000,10.0000,4,6,多平,S,278.5500,278.6000,63,28
sc,au1706,2017-02-08 21:14:10.000,278.6000,325452,20,6686400.0000,24.0000,22,2,多开,B,278.5500,278.6000,64,18
sc,au1706,2017-02-08 21:14:12.000,278.6000,325488,36,10586800.0000,38.0000,37,1,多开,B,278.5500,278.6500,65,112
sc,au1706,2017-02-08 21:14:13.500,278.6500,325486,-2,557300.0000,2.0000,0,2,双平,B,278.6000,278.6500,21,112
sc,au1706,2017-02-08 21:14:14.000,278.6500,325476,-10,2786500.0000,10.0000,0,10,双平,B,278.6000,278.6500,23,107
sc,au1706,2017-02-08 21:14:14.500,278.6000,325508,32,15044800.0000,54.0000,43,11,空开,S,278.5500,278.6000,57,7
sc,au1706,2017-02-08 21:14:15.000,278.6000,325516,8,3343200.0000,12.0000,10,2,空开,S,278.5500,278.6000,57,4
sc,au1706,2017-02-08 21:14:16.000,278.6000,325518,2,557200.0000,2.0000,2,0,双开,S,278.5500,278.6000,57,3
sc,au1706,2017-02-08 21:14:17.000,278.6000,325516,-2,557200.0000,2.0000,0,2,双平,S,278.5500,278.6000,57,5
sc,au1706,2017-02-08 21:14:17.500,278.6000,325518,2,2228800.0000,8.0000,5,3,空开,S,278.5500,278.6000,57,1
sc,au1706,2017-02-08 21:14:18.000,278.6000,325518,0,557200.0000,2.0000,1,1,空换,S,278.6000,278.6500,2,102
sc,au1706,2017-02-08 21:14:18.500,278.6000,325518,0,2228800.0000,8.0000,4,4,空换,S,278.5500,278.6500,62,102
sc,au1706,2017-02-08 21:14:19.500,278.6000,325518,0,557200.0000,2.0000,1,1,空换,S,278.6000,278.6500,1,112
sc,au1706,2017-02-08 21:14:20.000,278.6000,325522,4,1114400.0000,4.0000,4,0,双开,S,278.5500,278.6000,61,5
sc,au1706,2017-02-08 21:14:20.500,278.6000,325520,-2,1671600.0000,6.0000,2,4,多平,S,278.5500,278.6000,63,1
sc,au1706,2017-02-08 21:14:21.000,278.6000,325520,0,557200.0000,2.0000,1,1,空换,S,278.5500,278.6500,63,112
sc,au1706,2017-02-08 21:14:22.000,278.5500,325520,0,557100.0000,2.0000,1,1,空换,S,278.5500,278.6500,58,112
sc,au1706,2017-02-08 21:14:22.500,278.6500,325520,0,557300.0000,2.0000,1,1,多换,B,278.5500,278.6500,58,111
sc,au1706,2017-02-08 21:14:23.500,278.6000,325520,0,2228800.0000,8.0000,4,4,空换,S,278.6000,278.6500,1,112
sc,au1706,2017-02-08 21:14:24.000,278.5500,325522,2,3899800.0000,14.0000,8,6,空开,S,278.5500,278.6500,54,112
sc,au1706,2017-02-08 21:14:24.500,278.6500,325520,-2,557300.0000,2.0000,0,2,双平,B,278.5500,278.6500,52,111
sc,au1706,2017-02-08 21:14:26.000,278.6500,325516,-4,1114600.0000,4.0000,0,4,双平,B,278.5500,278.6500,53,109
sc,au1706,2017-02-08 21:14:26.500,278.6500,325542,26,8916800.0000,32.0000,29,3,多开,B,278.5500,278.6500,55,94
sc,au1706,2017-02-08 21:14:27.000,278.6500,325542,0,1671900.0000,6.0000,3,3,多换,B,278.5500,278.6500,60,91
sc,au1706,2017-02-08 21:14:27.500,278.5500,325542,0,557100.0000,2.0000,1,1,空换,S,278.5500,278.6500,60,92
sc,au1706,2017-02-08 21:14:30.500,278.6500,325542,0,557300.0000,2.0000,1,1,多换,B,278.6000,278.6500,26,85
sc,au1706,2017-02-08 21:14:31.500,278.6500,325544,2,557300.0000,2.0000,2,0,双开,B,278.6000,278.6500,26,84
sc,au1706,2017-02-08 21:14:32.500,278.6000,325542,-2,3343700.0000,12.0000,5,7,多平,S,278.6000,278.6500,25,79
sc,au1706,2017-02-08 21:14:33.000,278.6000,325558,16,5014800.0000,18.0000,17,1,空开,S,278.6000,278.6500,11,79
sc,au1706,2017-02-08 21:14:33.500,278.6500,325562,4,2786500.0000,10.0000,7,3,多开,B,278.6000,278.6500,12,74
sc,au1706,2017-02-08 21:14:34.000,278.6500,325562,0,1114600.0000,4.0000,2,2,多换,B,278.6000,278.6500,17,72
sc,au1706,2017-02-08 21:14:34.500,278.6000,325562,0,557200.0000,2.0000,1,1,空换,S,278.6000,278.6500,16,72
sc,au1706,2017-02-08 21:14:35.500,278.6500,325562,0,4458400.0000,16.0000,8,8,多换,B,278.6000,278.6500,16,64
sc,au1706,2017-02-08 21:14:36.000,278.6000,325562,0,2786000.0000,10.0000,5,5,空换,S,278.6000,278.6500,11,64
sc,au1706,2017-02-08 21:14:36.500,278.6000,325562,0,1114400.0000,4.0000,2,2,空换,S,278.6000,278.6500,15,65
sc,au1706,2017-02-08 21:14:37.500,278.6500,325562,0,557300.0000,2.0000,1,1,多换,B,278.6000,278.6500,16,64
sc,au1706,2017-02-08 21:14:38.500,278.6500,325562,0,557300.0000,2.0000,1,1,多换,B,278.6000,278.6500,19,63
sc,au1706,2017-02-08 21:14:39.000,278.6000,325562,0,557200.0000,2.0000,1,1,空换,S,278.6000,278.6500,19,63
sc,au1706,2017-02-08 21:14:39.500,278.6500,325558,-4,1114600.0000,4.0000,0,4,双平,B,278.6000,278.6500,19,62
sc,au1706,2017-02-08 21:14:40.000,278.6500,325558,0,557300.0000,2.0000,1,1,多换,B,278.6000,278.6500,19,61
sc,au1706,2017-02-08 21:14:41.000,278.6500,325558,0,557300.0000,2.0000,1,1,多换,B,278.6000,278.6500,20,62
sc,au1706,2017-02-08 21:14:41.500,278.6500,325556,-2,1114600.0000,4.0000,1,3,空平,B,278.6000,278.6500,43,60
sc,au1706,2017-02-08 21:14:42.000,278.6500,325556,0,557300.0000,2.0000,1,1,多换,B,278.6000,278.6500,46,59
sc,au1706,2017-02-08 21:14:43.500,278.6500,325554,-2,557300.0000,2.0000,0,2,双平,B,278.6000,278.6500,36,58
sc,au1706,2017-02-08 21:14:44.000,278.6000,325552,-2,557200.0000,2.0000,0,2,双平,S,278.6000,278.6500,35,58
sc,au1706,2017-02-08 21:14:45.000,278.6500,325542,-10,2786500.0000,10.0000,0,10,双平,B,278.6000,278.6500,33,53
sc,au1706,2017-02-08 21:14:45.500,278.6500,325540,-2,557300.0000,2.0000,0,2,双平,B,278.6000,278.6500,33,52
sc,au1706,2017-02-08 21:14:47.000,278.6500,325532,-8,2229200.0000,8.0000,0,8,双平,B,278.6000,278.6500,34,50
sc,au1706,2017-02-08 21:14:47.500,278.6500,325530,-2,1114600.0000,4.0000,1,3,空平,B,278.6000,278.6500,34,48
sc,au1706,2017-02-08 21:14:49.000,278.6500,325528,-2,557300.0000,2.0000,0,2,双平,B,278.6000,278.6500,36,47
sc,au1706,2017-02-08 21:14:49.500,278.6500,325564,36,16161700.0000,58.0000,47,11,多开,B,278.6000,278.6500,40,18
sc,au1706,2017-02-08 21:14:50.500,278.6500,325560,-4,1114600.0000,4.0000,0,4,双平,B,278.6000,278.6500,42,16
sc,au1706,2017-02-08 21:14:51.500,278.6500,325560,0,2229200.0000,8.0000,4,4,多换,B,278.6000,278.6500,45,2
sc,au1706,2017-02-08 21:14:52.000,278.6500,325562,2,1114600.0000,4.0000,3,1,多开,B,278.6500,278.7000,18,91
sc,au1706,2017-02-08 21:14:52.500,278.6000,325544,-18,6129700.0000,22.0000,2,20,多平,S,278.6000,278.7000,40,101
sc,au1706,2017-02-08 21:14:53.500,278.6500,325544,0,557300.0000,2.0000,1,1,多换,B,278.6000,278.6500,39,13
sc,au1706,2017-02-08 21:14:54.000,278.6500,325544,0,1671900.0000,6.0000,3,3,多换,B,278.6000,278.6500,38,26
sc,au1706,2017-02-08 21:14:54.500,278.6500,325524,-20,6687600.0000,24.0000,2,22,空平,B,278.6000,278.6500,38,15
sc,au1706,2017-02-08 21:14:55.000,278.6500,325524,0,557300.0000,2.0000,1,1,多换,B,278.6000,278.6500,38,15
sc,au1706,2017-02-08 21:14:55.500,278.6500,325522,-2,557300.0000,2.0000,0,2,双平,B,278.6000,278.6500,38,14
sc,au1706,2017-02-08 21:14:56.500,278.6500,325522,0,557300.0000,2.0000,1,1,多换,B,278.6000,278.6500,37,14
sc,au1706,2017-02-08 21:14:57.000,278.6500,325522,0,557300.0000,2.0000,1,1,多换,B,278.6000,278.6500,37,19
sc,au1706,2017-02-08 21:14:57.500,278.6000,325522,0,2786000.0000,10.0000,5,5,空换,S,278.6000,278.6500,32,24
sc,au1706,2017-02-08 21:15:00.000,278.6500,325522,0,2229200.0000,8.0000,4,4,多换,B,278.6000,278.6500,28,45
sc,au1706,2017-02-08 21:15:00.500,278.6500,325522,0,13375100.0000,48.0000,24,24,多换,B,278.6000,278.6500,31,22
sc,au1706,2017-02-08 21:15:01.000,278.6500,325522,0,557300.0000,2.0000,1,1,多换,B,278.6000,278.6500,26,33
sc,au1706,2017-02-08 21:15:03.000,278.6500,325520,-2,1671900.0000,6.0000,2,4,空平,B,278.6000,278.6500,26,57
sc,au1706,2017-02-08 21:15:03.500,278.6500,325520,0,1671900.0000,6.0000,3,3,多换,B,278.6000,278.6500,29,54
sc,au1706,2017-02-08 21:15:04.000,278.6000,325522,2,557200.0000,2.0000,2,0,双开,S,278.6000,278.6500,41,75
sc,au1706,2017-02-08 21:15:04.500,278.6000,325520,-2,557200.0000,2.0000,0,2,双平,S,278.6000,278.6500,40,76
sc,au1706,2017-02-08 21:15:06.000,278.6500,325520,0,2786500.0000,10.0000,5,5,多换,B,278.6000,278.6500,52,41
sc,au1706,2017-02-08 21:15:07.500,278.6500,325526,6,4458400.0000,16.0000,11,5,多开,B,278.6000,278.6500,52,21
sc,au1706,2017-02-08 21:15:08.000,278.6500,325520,-6,1671900.0000,6.0000,0,6,双平,B,278.6000,278.6500,54,14
sc,au1706,2017-02-08 21:15:08.500,278.6500,325516,-4,1114600.0000,4.0000,0,4,双平,B,278.6000,278.6500,58,12
sc,au1706,2017-02-08 21:15:09.000,278.6500,325516,0,557300.0000,2.0000,1,1,多换,B,278.6000,278.6500,59,11
sc,au1706,2017-02-08 21:15:11.500,278.6500,325520,4,6130300.0000,22.0000,13,9,多开,B,278.6500,278.7000,11,95
sc,au1706,2017-02-08 21:15:12.000,278.6500,325522,2,3901100.0000,14.0000,8,6,多开,B,278.6500,278.7000,5,98
sc,au1706,2017-02-08 21:15:13.500,278.6500,325516,-6,7245100.0000,26.0000,10,16,空平,B,278.6500,278.7000,17,99
sc,au1706,2017-02-08 21:15:14.500,278.6500,325516,0,5573000.0000,20.0000,10,10,多换,B,278.6500,278.7000,5,104
sc,au1706,2017-02-08 21:15:15.000,278.6000,325518,2,4458100.0000,16.0000,9,7,空开,S,278.6000,278.7000,51,101
sc,au1706,2017-02-08 21:15:16.000,278.6500,325516,-2,1114600.0000,4.0000,1,3,空平,B,278.6500,278.7000,1,99
sc,au1706,2017-02-08 21:15:16.500,278.7000,325516,0,2229400.0000,8.0000,4,4,多换,B,278.6500,278.7000,1,97
sc,au1706,2017-02-08 21:15:17.000,278.7000,325512,-4,2229600.0000,8.0000,2,6,空平,B,278.6500,278.7000,52,94
sc,au1706,2017-02-08 21:15:17.500,278.7000,325518,6,2786900.0000,10.0000,8,2,多开,B,278.6500,278.7000,51,90
sc,au1706,2017-02-08 21:15:18.500,278.7000,325516,-2,1114800.0000,4.0000,1,3,空平,B,278.6500,278.7000,56,88
sc,au1706,2017-02-08 21:15:22.000,278.7000,325514,-2,1114800.0000,4.0000,1,3,空平,B,278.6500,278.7000,33,88
sc,au1706,2017-02-08 21:15:24.000,278.7000,325512,-2,1114800.0000,4.0000,1,3,空平,B,278.6500,278.7000,38,87
sc,au1706,2017-02-08 21:15:25.500,278.6500,325512,0,557300.0000,2.0000,1,1,空换,S,278.6500,278.7000,39,87
sc,au1706,2017-02-08 21:15:27.500,278.7000,325512,0,5574000.0000,20.0000,10,10,多换,B,278.6500,278.7000,54,65
sc,au1706,2017-02-08 21:15:28.000,278.7000,325580,68,27870000.0000,100.0000,84,16,多开,B,278.6500,278.7000,55,15
sc,au1706,2017-02-08 21:15:28.500,278.7000,325570,-10,8361000.0000,30.0000,10,20,空平,B,278.7000,278.7500,4,88
sc,au1706,2017-02-08 21:15:29.000,278.7000,325562,-8,4459200.0000,16.0000,4,12,空平,B,278.7000,278.7500,3,91
sc,au1706,2017-02-08 21:15:29.500,278.7500,325578,16,20068900.0000,72.0000,44,28,多开,B,278.6500,278.7000,69,2
sc,au1706,2017-02-08 21:15:30.000,278.7500,325646,68,30662100.0000,110.0000,89,21,多开,B,278.7000,278.7500,14,12
sc,au1706,2017-02-08 21:15:30.500,278.7500,325754,108,40699800.0000,146.0000,127,19,多开,B,278.7500,278.8000,16,56
sc,au1706,2017-02-08 21:15:31.000,278.7500,325756,2,10592500.0000,38.0000,20,18,多开,B,278.7000,278.7500,18,5
sc,au1706,2017-02-08 21:15:31.500,278.7000,325732,-24,12264500.0000,44.0000,10,34,多平,S,278.7000,278.7500,24,4
sc,au1706,2017-02-08 21:15:33.500,278.7000,325734,2,1672200.0000,6.0000,4,2,空开,S,278.7000,278.7500,22,27
sc,au1706,2017-02-08 21:15:34.500,278.7500,325738,4,3345000.0000,12.0000,8,4,多开,B,278.7000,278.7500,20,49
sc,au1706,2017-02-08 21:15:35.000,278.7500,325742,4,2229800.0000,8.0000,6,2,多开,B,278.7000,278.7500,19,47
sc,au1706,2017-02-08 21:15:37.500,278.7500,325746,4,4460000.0000,16.0000,10,6,多开,B,278.7000,278.7500,22,52
sc,au1706,2017-02-08 21:15:38.500,278.7500,325750,4,1115000.0000,4.0000,4,0,双开,B,278.7000,278.7500,24,51
sc,au1706,2017-02-08 21:15:39.000,278.7500,325796,46,12822500.0000,46.0000,46,0,双开,B,278.7000,278.7500,25,28
sc,au1706,2017-02-08 21:15:40.000,278.7500,325798,2,557500.0000,2.0000,2,0,双开,B,278.7000,278.7500,39,97
sc,au1706,2017-02-08 21:15:40.500,278.7500,325800,2,557500.0000,2.0000,2,0,双开,B,278.7000,278.7500,37,97
sc,au1706,2017-02-08 21:15:42.000,278.8000,325914,114,89205000.0000,320.0000,217,103,多开,B,278.7000,278.8000,27,7
sc,au1706,2017-02-08 21:15:42.500,278.7500,325916,2,3345500.0000,12.0000,7,5,空开,S,278.7500,278.8000,6,11
sc,au1706,2017-02-08 21:15:43.500,278.7500,325920,4,2230100.0000,8.0000,6,2,空开,S,278.7500,278.8000,28,9
sc,au1706,2017-02-08 21:15:44.000,278.8000,325932,12,6691200.0000,24.0000,18,6,多开,B,278.7500,278.8000,29,11
sc,au1706,2017-02-08 21:15:44.500,278.7500,325940,8,9477500.0000,34.0000,21,13,空开,S,278.7500,278.8000,12,12
sc,au1706,2017-02-08 21:15:45.000,278.8000,325940,0,1115200.0000,4.0000,2,2,多换,B,278.7500,278.8000,18,27
sc,au1706,2017-02-08 21:15:45.500,278.8000,325938,-2,557600.0000,2.0000,0,2,双平,B,278.7500,278.8000,28,28
sc,au1706,2017-02-08 21:15:46.000,278.8000,325936,-2,557600.0000,2.0000,0,2,双平,B,278.7500,278.8000,27,28
sc,au1706,2017-02-08 21:15:46.500,278.7500,325936,0,8920000.0000,32.0000,16,16,空换,S,278.7500,278.8000,13,28
sc,au1706,2017-02-08 21:15:47.000,278.8000,325936,0,2788000.0000,10.0000,5,5,多换,B,278.7500,278.8000,14,23
sc,au1706,2017-02-08 21:15:48.000,278.8000,325936,0,557600.0000,2.0000,1,1,多换,B,278.7500,278.8000,15,30
sc,au1706,2017-02-08 21:15:48.500,278.8000,325948,12,11150400.0000,40.0000,26,14,多开,B,278.7000,278.8000,50,27
sc,au1706,2017-02-08 21:15:49.500,278.8000,325946,-2,557600.0000,2.0000,0,2,双平,B,278.7500,278.8000,11,26
sc,au1706,2017-02-08 21:15:51.000,278.7500,325950,4,8362600.0000,30.0000,17,13,空开,S,278.7000,278.7500,51,3
sc,au1706,2017-02-08 21:15:51.500,278.7500,325944,-6,2787500.0000,10.0000,2,8,多平,S,278.7500,278.8000,39,32
sc,au1706,2017-02-08 21:15:52.000,278.8000,325932,-12,8921600.0000,32.0000,10,22,空平,B,278.7500,278.8000,23,17
sc,au1706,2017-02-08 21:15:52.500,278.8000,325930,-2,557600.0000,2.0000,0,2,双平,B,278.7500,278.8000,27,16
sc,au1706,2017-02-08 21:15:53.000,278.7500,325940,10,4460500.0000,16.0000,13,3,空开,S,278.7500,278.8000,28,11
sc,au1706,2017-02-08 21:15:53.500,278.7500,325940,0,557500.0000,2.0000,1,1,空换,S,278.7500,278.8000,31,11
sc,au1706,2017-02-08 21:15:55.000,278.7500,325938,-2,1672700.0000,6.0000,2,4,多平,S,278.7500,278.8000,28,24
sc,au1706,2017-02-08 21:15:55.500,278.7500,325958,20,8920000.0000,32.0000,26,6,空开,S,278.7500,278.8000,12,24
sc,au1706,2017-02-08 21:15:56.000,278.7500,325986,28,8920000.0000,32.0000,30,2,空开,S,278.7000,278.7500,56,19
sc,au1706,2017-02-08 21:15:56.500,278.7500,325986,0,7805000.0000,28.0000,14,14,空换,S,278.7000,278.7500,56,9
sc,au1706,2017-02-08 21:15:57.000,278.7500,325988,2,6132500.0000,22.0000,12,10,空开,S,278.7500,278.8000,35,27
sc,au1706,2017-02-08 21:15:57.500,278.8000,325996,8,2788000.0000,10.0000,9,1,多开,B,278.7500,278.8000,27,23
sc,au1706,2017-02-08 21:15:58.000,278.8000,325996,0,557600.0000,2.0000,1,1,多换,B,278.7500,278.8000,49,22
sc,au1706,2017-02-08 21:15:58.500,278.8000,326000,4,1115200.0000,4.0000,4,0,双开,B,278.7500,278.8000,56,20
sc,au1706,2017-02-08 21:15:59.000,278.8000,326010,10,3345500.0000,12.0000,11,1,多开,B,278.7500,278.8000,55,16
sc,au1706,2017-02-08 21:15:59.500,278.8000,326010,0,557600.0000,2.0000,1,1,多换,B,278.7500,278.8000,56,15
sc,au1706,2017-02-08 21:16:00.000,278.8000,326034,24,9479200.0000,34.0000,29,5,多开,B,278.8000,278.8500,14,45
sc,au1706,2017-02-08 21:16:00.500,278.8000,326044,10,7249500.0000,26.0000,18,8,多开,B,278.8000,278.8500,14,54
sc,au1706,2017-02-08 21:16:01.000,278.8000,326052,8,8364000.0000,30.0000,19,11,多开,B,278.7500,278.8000,59,22
sc,au1706,2017-02-08 21:16:01.500,278.8500,326060,8,15053400.0000,54.0000,31,23,多开,B,278.7500,278.8500,36,51
sc,au1706,2017-02-08 21:16:02.000,278.8000,326062,2,3903500.0000,14.0000,8,6,空开,S,278.8000,278.8500,54,48
sc,au1706,2017-02-08 21:16:02.500,278.8500,326062,0,14498600.0000,52.0000,26,26,多换,B,278.8000,278.8500,39,38
sc,au1706,2017-02-08 21:16:03.500,278.8000,326094,32,8921600.0000,32.0000,32,0,双开,S,278.8000,278.8500,52,27
sc,au1706,2017-02-08 21:16:04.500,278.8500,326110,16,8923200.0000,32.0000,24,8,多开,B,278.8000,278.8500,52,8
sc,au1706,2017-02-08 21:16:05.000,278.8000,326118,8,2788100.0000,10.0000,9,1,空开,S,278.8000,278.8500,48,2
sc,au1706,2017-02-08 21:16:05.500,278.8000,326120,2,1672900.0000,6.0000,4,2,空开,S,278.8000,278.8500,51,3
sc,au1706,2017-02-08 21:16:06.000,278.8000,326122,2,557600.0000,2.0000,2,0,双开,S,278.8000,278.8500,60,6
sc,au1706,2017-02-08 21:16:07.000,278.8000,326152,30,8364000.0000,30.0000,30,0,双开,S,278.8000,278.8500,50,6
sc,au1706,2017-02-08 21:16:07.500,278.8500,326152,0,1673100.0000,6.0000,3,3,多换,B,278.8000,278.8500,50,3
sc,au1706,2017-02-08 21:16:08.000,278.8500,326156,4,2788500.0000,10.0000,7,3,多开,B,278.8000,278.8500,50,3
sc,au1706,2017-02-08 21:16:08.500,278.8500,326154,-2,1673100.0000,6.0000,2,4,空平,B,278.8000,278.9000,49,59
sc,au1706,2017-02-08 21:16:09.500,278.8000,326184,30,8921600.0000,32.0000,31,1,空开,S,278.8000,278.8500,42,2
sc,au1706,2017-02-08 21:16:11.000,278.8500,326188,4,6134700.0000,22.0000,13,9,多开,B,278.8000,278.8500,42,15
sc,au1706,2017-02-08 21:16:11.500,278.8500,326192,4,9480900.0000,34.0000,19,15,多开,B,278.8500,278.9000,10,66
sc,au1706,2017-02-08 21:16:12.000,278.8500,326222,30,10038600.0000,36.0000,33,3,多开,B,278.8000,278.8500,39,5
sc,au1706,2017-02-08 21:16:12.500,278.8500,326228,6,2788500.0000,10.0000,8,2,多开,B,278.8000,278.8500,37,10
sc,au1706,2017-02-08 21:16:13.000,278.9000,326198,-30,11154900.0000,40.0000,5,35,空平,B,278.8500,278.9000,4,56
sc,au1706,2017-02-08 21:16:13.500,278.9000,326198,0,9481500.0000,34.0000,17,17,多换,B,278.8000,278.9000,42,50
sc,au1706,2017-02-08 21:16:14.000,278.8000,326240,42,12268200.0000,44.0000,43,1,空开,S,278.8000,278.9000,42,46
sc,au1706,2017-02-08 21:16:15.000,278.8500,326240,0,557700.0000,2.0000,1,1,多换,B,278.8000,278.8500,48,2
sc,au1706,2017-02-08 21:16:15.500,278.8500,326240,0,1115400.0000,4.0000,2,2,多换,B,278.8000,278.8500,50,2
sc,au1706,2017-02-08 21:16:16.000,278.9000,326246,6,2231000.0000,8.0000,7,1,多开,B,278.8500,278.9000,8,56
sc,au1706,2017-02-08 21:16:16.500,278.9000,326268,22,7809000.0000,28.0000,25,3,多开,B,278.8500,278.9000,8,45
sc,au1706,2017-02-08 21:16:17.000,278.9000,326268,0,1115600.0000,4.0000,2,2,多换,B,278.8500,278.9000,19,43
sc,au1706,2017-02-08 21:16:18.000,278.9000,326264,-4,1115600.0000,4.0000,0,4,双平,B,278.8500,278.9000,25,42
sc,au1706,2017-02-08 21:16:18.500,278.9000,326266,2,557800.0000,2.0000,2,0,双开,B,278.8500,278.9000,27,41
sc,au1706,2017-02-08 21:16:19.000,278.8500,326298,32,8923200.0000,32.0000,32,0,双开,S,278.8500,278.9000,15,41
sc,au1706,2017-02-08 21:16:20.000,278.8500,326298,0,557700.0000,2.0000,1,1,空换,S,278.8500,278.9000,17,76
sc,au1706,2017-02-08 21:16:21.000,278.8500,326352,54,32351900.0000,116.0000,85,31,空开,S,278.8500,278.9000,13,34
sc,au1706,2017-02-08 21:16:21.500,278.9000,326352,0,557800.0000,2.0000,1,1,多换,B,278.8500,278.9000,16,38
sc,au1706,2017-02-08 21:16:22.500,278.9000,326372,20,5578000.0000,20.0000,20,0,双开,B,278.8500,278.9000,19,28
sc,au1706,2017-02-08 21:16:23.000,278.9000,326378,6,1673400.0000,6.0000,6,0,双开,B,278.8500,278.9000,19,25
sc,au1706,2017-02-08 21:16:23.500,278.8500,326392,14,6693400.0000,24.0000,19,5,空开,S,278.8500,278.9000,36,15
sc,au1706,2017-02-08 21:16:24.000,278.9000,326394,2,2231200.0000,8.0000,5,3,多开,B,278.8500,278.9000,37,12
sc,au1706,2017-02-08 21:16:25.000,278.9000,326406,12,9481000.0000,34.0000,23,11,多开,B,278.8500,278.9000,33,11
sc,au1706,2017-02-08 21:16:25.500,278.9000,326406,0,557800.0000,2.0000,1,1,多换,B,278.8500,278.9000,34,16
sc,au1706,2017-02-08 21:16:26.000,278.9000,326406,0,1673400.0000,6.0000,3,3,多换,B,278.8500,278.9000,35,26
sc,au1706,2017-02-08 21:16:27.000,278.9000,326408,2,1673400.0000,6.0000,4,2,多开,B,278.8500,278.9000,55,27
sc,au1706,2017-02-08 21:16:27.500,278.9000,326408,0,1673400.0000,6.0000,3,3,多换,B,278.8500,278.9000,61,24
sc,au1706,2017-02-08 21:16:28.000,278.9000,326408,0,557800.0000,2.0000,1,1,多换,B,278.8500,278.9000,61,23
sc,au1706,2017-02-08 21:16:28.500,278.9000,326406,-2,557800.0000,2.0000,0,2,双平,B,278.8500,278.9000,64,15
sc,au1706,2017-02-08 21:16:29.000,278.9000,326404,-2,1673400.0000,6.0000,2,4,空平,B,278.8500,278.9000,66,13
sc,au1706,2017-02-08 21:16:29.500,278.9000,326406,2,2231200.0000,8.0000,5,3,多开,B,278.8500,278.9000,72,9
sc,au1706,2017-02-08 21:16:30.000,278.8500,326406,0,557700.0000,2.0000,1,1,空换,S,278.8500,278.9000,71,9
sc,au1706,2017-02-08 21:16:30.500,278.9000,326418,12,3346800.0000,12.0000,12,0,双开,B,278.8500,278.9000,71,25
sc,au1706,2017-02-08 21:16:31.000,278.9000,326418,0,557800.0000,2.0000,1,1,多换,B,278.8500,278.9000,72,24
sc,au1706,2017-02-08 21:16:31.500,278.9000,326420,2,557800.0000,2.0000,2,0,双开,B,278.8500,278.9000,72,41
sc,au1706,2017-02-08 21:16:32.000,278.9000,326474,54,16734000.0000,60.0000,57,3,多开,B,278.8500,278.9000,73,11
sc,au1706,2017-02-08 21:16:32.500,278.9000,326496,22,6135800.0000,22.0000,22,0,双开,B,278.9000,278.9500,21,85
sc,au1706,2017-02-08 21:16:33.000,278.9000,326518,22,16733700.0000,60.0000,41,19,多开,B,278.8500,278.9000,85,17
sc,au1706,2017-02-08 21:16:33.500,278.9000,326520,2,557800.0000,2.0000,2,0,双开,B,278.8500,278.9000,83,25
sc,au1706,2017-02-08 21:16:34.000,278.9000,326524,4,1115600.0000,4.0000,4,0,双开,B,278.8500,278.9000,83,26
sc,au1706,2017-02-08 21:16:35.000,278.9000,326524,0,1115600.0000,4.0000,2,2,多换,B,278.8500,278.9000,83,27
sc,au1706,2017-02-08 21:16:35.500,278.9000,326526,2,1115600.0000,4.0000,3,1,多开,B,278.8500,278.9000,83,29
sc,au1706,2017-02-08 21:16:36.000,278.9000,326526,0,557800.0000,2.0000,1,1,多换,B,278.8500,278.9000,83,19
sc,au1706,2017-02-08 21:16:36.500,278.9000,326522,-4,1115600.0000,4.0000,0,4,双平,B,278.8500,278.9000,83,18
sc,au1706,2017-02-08 21:16:37.000,278.9500,326534,12,13387800.0000,48.0000,30,18,多开,B,278.9000,278.9500,4,81
sc,au1706,2017-02-08 21:16:37.500,278.9000,326522,-12,3905000.0000,14.0000,1,13,多平,S,278.9000,278.9500,5,78
sc,au1706,2017-02-08 21:16:38.500,278.9000,326538,16,8924800.0000,32.0000,24,8,空开,S,278.9000,278.9500,40,72
sc,au1706,2017-02-08 21:16:39.000,278.9000,326536,-2,557800.0000,2.0000,0,2,双平,S,278.9000,278.9500,45,73
sc,au1706,2017-02-08 21:16:40.500,278.9000,326504,-32,11713900.0000,42.0000,5,37,多平,S,278.9000,278.9500,38,61
sc,au1706,2017-02-08 21:16:41.000,278.9500,326504,0,557900.0000,2.0000,1,1,多换,B,278.9000,278.9500,40,60
sc,au1706,2017-02-08 21:16:42.000,278.9500,326504,0,557900.0000,2.0000,1,1,多换,B,278.9000,278.9500,39,59
sc,au1706,2017-02-08 21:16:42.500,278.9500,326504,0,3905200.0000,14.0000,7,7,多换,B,278.9000,278.9500,43,78
sc,au1706,2017-02-08 21:16:43.000,278.9500,326502,-2,557900.0000,2.0000,0,2,双平,B,278.9000,278.9500,45,78
sc,au1706,2017-02-08 21:16:43.500,278.9000,326504,2,557800.0000,2.0000,2,0,双开,S,278.9000,278.9500,45,78
sc,au1706,2017-02-08 21:16:44.000,278.9500,326494,-10,2789500.0000,10.0000,0,10,双平,B,278.9000,278.9500,45,73
sc,au1706,2017-02-08 21:16:44.500,278.9500,326494,0,557900.0000,2.0000,1,1,多换,B,278.9000,278.9500,52,72
sc,au1706,2017-02-08 21:16:45.000,278.9500,326500,6,1673700.0000,6.0000,6,0,双开,B,278.9000,278.9500,52,79
sc,au1706,2017-02-08 21:16:45.500,278.9000,326500,0,557800.0000,2.0000,1,1,空换,S,278.9000,278.9500,51,79
sc,au1706,2017-02-08 21:16:46.000,278.9500,326502,2,557900.0000,2.0000,2,0,双开,B,278.9000,278.9500,51,78
sc,au1706,2017-02-08 21:16:46.500,278.9000,326504,2,1673500.0000,6.0000,4,2,空开,S,278.9000,278.9500,59,77
sc,au1706,2017-02-08 21:16:47.000,278.9500,326504,0,1115800.0000,4.0000,2,2,多换,B,278.9000,278.9500,59,64
sc,au1706,2017-02-08 21:16:47.500,278.9500,326518,14,5021100.0000,18.0000,16,2,多开,B,278.9000,278.9500,59,56
sc,au1706,2017-02-08 21:16:48.000,278.9500,326544,26,11715900.0000,42.0000,34,8,多开,B,278.9000,278.9500,60,36
sc,au1706,2017-02-08 21:16:48.500,278.9500,326562,18,10600000.0000,38.0000,28,10,多开,B,278.9000,278.9500,60,21
sc,au1706,2017-02-08 21:16:49.000,278.9500,326546,-16,10600100.0000,38.0000,11,27,空平,B,278.9000,278.9500,60,2
sc,au1706,2017-02-08 21:16:49.500,278.9500,326554,8,3347400.0000,12.0000,10,2,多开,B,278.9500,279.0000,35,122
sc,au1706,2017-02-08 21:16:50.000,278.9500,326608,54,16179100.0000,58.0000,56,2,多开,B,278.9500,279.0000,11,133
sc,au1706,2017-02-08 21:16:50.500,279.0000,326610,2,558000.0000,2.0000,2,0,双开,B,278.9500,279.0000,16,134
sc,au1706,2017-02-08 21:16:51.000,278.9500,326598,-12,20643800.0000,74.0000,31,43,多平,S,278.9000,278.9500,58,1
sc,au1706,2017-02-08 21:16:51.500,278.9500,326604,6,3347400.0000,12.0000,9,3,空开,S,278.9000,279.0000,56,111
sc,au1706,2017-02-08 21:16:52.500,278.9500,326598,-6,2789500.0000,10.0000,2,8,多平,S,278.9000,278.9500,58,7
sc,au1706,2017-02-08 21:16:53.000,278.9500,326598,0,1115800.0000,4.0000,2,2,空换,S,278.9500,279.0000,10,111
sc,au1706,2017-02-08 21:16:54.000,278.9500,326600,2,6694800.0000,24.0000,13,11,空开,S,278.9000,278.9500,60,6
sc,au1706,2017-02-08 21:16:54.500,279.0000,326596,-4,7810700.0000,28.0000,12,16,空平,B,278.9000,279.0000,60,105
sc,au1706,2017-02-08 21:16:55.000,279.0000,326594,-2,3904800.0000,14.0000,6,8,空平,B,278.9000,279.0000,52,104
sc,au1706,2017-02-08 21:16:55.500,279.0000,326586,-8,7811300.0000,28.0000,10,18,空平,B,278.9500,279.0000,1,95
sc,au1706,2017-02-08 21:16:56.000,278.9500,326584,-2,1673800.0000,6.0000,2,4,多平,S,278.9000,278.9500,51,10
sc,au1706,2017-02-08 21:16:56.500,278.9500,326584,0,557900.0000,2.0000,1,1,空换,S,278.9000,278.9500,52,15
sc,au1706,2017-02-08 21:16:57.000,278.9000,326580,-4,1115600.0000,4.0000,0,4,双平,S,278.9000,278.9500,50,21
sc,au1706,2017-02-08 21:16:58.000,278.9500,326574,-6,1673700.0000,6.0000,0,6,双平,B,278.9000,278.9500,61,26
sc,au1706,2017-02-08 21:16:58.500,278.9000,326574,0,557800.0000,2.0000,1,1,空换,S,278.9000,278.9500,59,27
sc,au1706,2017-02-08 21:16:59.000,278.9500,326646,72,25105500.0000,90.0000,81,9,多开,B,278.9500,279.0000,5,94
sc,au1706,2017-02-08 21:16:59.500,278.9500,326662,16,4463200.0000,16.0000,16,0,双开,B,278.9000,278.9500,61,37
sc,au1706,2017-02-08 21:17:00.000,278.9500,326664,2,557900.0000,2.0000,2,0,双开,B,278.9000,278.9500,59,30
sc,au1706,2017-02-08 21:17:00.500,278.9500,326666,2,2789500.0000,10.0000,6,4,多开,B,278.9000,278.9500,59,25
sc,au1706,2017-02-08 21:17:01.000,278.9500,326666,0,2231600.0000,8.0000,4,4,多换,B,278.9000,278.9500,59,24
sc,au1706,2017-02-08 21:17:01.500,278.9000,326666,0,557800.0000,2.0000,1,1,空换,S,278.9000,278.9500,58,24
sc,au1706,2017-02-08 21:17:02.000,278.9500,326666,0,557900.0000,2.0000,1,1,多换,B,278.9000,278.9500,58,32
sc,au1706,2017-02-08 21:17:03.000,278.9000,326666,0,557800.0000,2.0000,1,1,空换,S,278.9000,278.9500,72,34
sc,au1706,2017-02-08 21:17:03.500,278.9500,326676,10,3347400.0000,12.0000,11,1,多开,B,278.9000,278.9500,73,28
sc,au1706,2017-02-08 21:17:04.000,278.9500,326676,0,557900.0000,2.0000,1,1,多换,B,278.9000,278.9500,73,27
sc,au1706,2017-02-08 21:17:05.000,278.9500,326698,22,6136900.0000,22.0000,22,0,双开,B,278.9000,278.9500,75,47
sc,au1706,2017-02-08 21:17:06.000,278.9500,326726,28,10599200.0000,38.0000,33,5,多开,B,278.9000,278.9500,66,45
sc,au1706,2017-02-08 21:17:06.500,278.9500,326726,0,557900.0000,2.0000,1,1,多换,B,278.9000,278.9500,66,45
sc,au1706,2017-02-08 21:17:07.000,278.9500,326714,-12,5579000.0000,20.0000,4,16,空平,B,278.9000,278.9500,67,48
sc,au1706,2017-02-08 21:17:07.500,278.9000,326736,22,8924800.0000,32.0000,27,5,空开,S,278.9000,278.9500,51,50
sc,au1706,2017-02-08 21:17:08.000,278.9000,326736,0,557800.0000,2.0000,1,1,空换,S,278.9000,278.9500,50,51
sc,au1706,2017-02-08 21:17:08.500,278.9500,326762,26,9482700.0000,34.0000,30,4,多开,B,278.9000,278.9500,42,53
sc,au1706,2017-02-08 21:17:09.000,278.9500,326796,34,11158000.0000,40.0000,37,3,多开,B,278.9000,278.9500,42,35
sc,au1706,2017-02-08 21:17:09.500,278.9500,326796,0,557900.0000,2.0000,1,1,多换,B,278.9000,278.9500,43,49
sc,au1706,2017-02-08 21:17:10.000,278.9500,326800,4,9482700.0000,34.0000,19,15,多开,B,278.9000,278.9500,27,48
sc,au1706,2017-02-08 21:17:11.000,278.9500,326830,30,11715900.0000,42.0000,36,6,多开,B,278.9000,278.9500,27,24
sc,au1706,2017-02-08 21:17:11.500,278.9000,326834,4,9482600.0000,34.0000,19,15,空开,S,278.9000,278.9500,12,24
sc,au1706,2017-02-08 21:17:12.500,278.9000,326834,0,557800.0000,2.0000,1,1,空换,S,278.9000,278.9500,24,34
sc,au1706,2017-02-08 21:17:13.000,278.9500,326834,0,557900.0000,2.0000,1,1,多换,B,278.9000,278.9500,24,35
sc,au1706,2017-02-08 21:17:13.500,278.9500,326836,2,557900.0000,2.0000,2,0,双开,B,278.9000,278.9500,24,30
sc,au1706,2017-02-08 21:17:14.000,278.9000,326820,-16,5578000.0000,20.0000,2,18,多平,S,278.9000,278.9500,2,33
sc,au1706,2017-02-08 21:17:14.500,278.9000,326826,6,1673400.0000,6.0000,6,0,双开,S,278.8500,278.9000,65,23
sc,au1706,2017-02-08 21:17:15.500,278.9000,326832,6,1673400.0000,6.0000,6,0,双开,S,278.8500,278.9000,65,22
sc,au1706,2017-02-08 21:17:16.000,278.9000,326836,4,1673300.0000,6.0000,5,1,空开,S,278.8500,278.9000,62,30
sc,au1706,2017-02-08 21:17:16.500,278.8500,326836,0,1115400.0000,4.0000,2,2,空换,S,278.8500,278.9000,48,47
sc,au1706,2017-02-08 21:17:17.000,278.9000,326834,-2,1673200.0000,6.0000,2,4,空平,B,278.8500,278.9000,46,49
sc,au1706,2017-02-08 21:17:17.500,278.8500,326834,0,557700.0000,2.0000,1,1,空换,S,278.8500,278.9000,46,49
sc,au1706,2017-02-08 21:17:19.000,278.9000,326844,10,5577500.0000,20.0000,15,5,多开,B,278.8500,278.9000,42,49
sc,au1706,2017-02-08 21:17:20.000,278.8500,326844,0,557700.0000,2.0000,1,1,空换,S,278.8500,278.9000,34,49
sc,au1706,2017-02-08 21:17:20.500,278.8500,326836,-8,13942500.0000,50.0000,21,29,多平,S,278.8500,278.9000,7,49
sc,au1706,2017-02-08 21:17:21.000,278.8500,326828,-8,5019300.0000,18.0000,5,13,多平,S,278.8000,278.8500,65,25
sc,au1706,2017-02-08 21:17:21.500,278.8000,326826,-2,557600.0000,2.0000,0,2,双平,S,278.8000,278.8500,63,33
sc,au1706,2017-02-08 21:17:22.000,278.8500,326826,0,557700.0000,2.0000,1,1,多换,B,278.8000,278.8500,64,30
sc,au1706,2017-02-08 21:17:22.500,278.8500,326824,-2,2788400.0000,10.0000,4,6,空平,B,278.8000,278.8500,64,29
sc,au1706,2017-02-08 21:17:23.000,278.8000,326816,-8,2788400.0000,10.0000,1,9,多平,S,278.8000,278.8500,63,32
sc,au1706,2017-02-08 21:17:23.500,278.8000,326816,0,557600.0000,2.0000,1,1,空换,S,278.8000,278.8500,62,32
sc,au1706,2017-02-08 21:17:25.500,278.8000,326814,-2,557600.0000,2.0000,0,2,双平,S,278.8000,278.8500,63,32
sc,au1706,2017-02-08 21:17:26.000,278.8000,326810,-4,1673000.0000,6.0000,1,5,多平,S,278.8000,278.8500,63,30
sc,au1706,2017-02-08 21:17:26.500,278.8500,326808,-2,1115300.0000,4.0000,1,3,空平,B,278.8000,278.8500,63,29
sc,au1706,2017-02-08 21:17:27.000,278.8000,326750,-58,28437700.0000,102.0000,22,80,多平,S,278.8000,278.8500,13,30
sc,au1706,2017-02-08 21:17:27.500,278.8000,326750,0,5576000.0000,20.0000,10,10,空换,S,278.8000,278.8500,15,40
sc,au1706,2017-02-08 21:17:28.000,278.8000,326754,4,3345600.0000,12.0000,8,4,空开,S,278.8000,278.8500,10,40
sc,au1706,2017-02-08 21:17:29.000,278.8000,326752,-2,1115200.0000,4.0000,1,3,多平,S,278.8000,278.8500,41,41
sc,au1706,2017-02-08 21:17:29.500,278.8500,326746,-6,2230500.0000,8.0000,1,7,空平,B,278.8000,278.8500,45,40
sc,au1706,2017-02-08 21:17:30.000,278.8500,326748,2,557700.0000,2.0000,2,0,双开,B,278.8000,278.8500,45,36
sc,au1706,2017-02-08 21:17:31.500,278.8500,326754,6,1673100.0000,6.0000,6,0,双开,B,278.8000,278.8500,46,34
sc,au1706,2017-02-08 21:17:32.000,278.8000,326754,0,557600.0000,2.0000,1,1,空换,S,278.8000,278.8500,45,35
sc,au1706,2017-02-08 21:17:33.000,278.8000,326756,2,1115300.0000,4.0000,3,1,空开,S,278.8000,278.8500,41,47
sc,au1706,2017-02-08 21:17:33.500,278.8500,326756,0,1673000.0000,6.0000,3,3,多换,B,278.8000,278.8500,37,47
sc,au1706,2017-02-08 21:17:34.500,278.8000,326756,0,1115200.0000,4.0000,2,2,空换,S,278.8000,278.8500,26,48
sc,au1706,2017-02-08 21:17:35.000,278.8000,326758,2,557600.0000,2.0000,2,0,双开,S,278.8000,278.8500,37,36
sc,au1706,2017-02-08 21:17:35.500,278.8000,326756,-2,557600.0000,2.0000,0,2,双平,S,278.8000,278.8500,37,36
sc,au1706,2017-02-08 21:17:36.000,278.8500,326764,8,2788500.0000,10.0000,9,1,多开,B,278.8000,278.8500,37,31
sc,au1706,2017-02-08 21:17:37.500,278.8000,326762,-2,5018400.0000,18.0000,8,10,多平,S,278.8000,278.8500,41,32
sc,au1706,2017-02-08 21:17:39.500,278.8000,326760,-2,557600.0000,2.0000,0,2,双平,S,278.8000,278.8500,28,48
sc,au1706,2017-02-08 21:17:40.000,278.8000,326758,-2,1115200.0000,4.0000,1,3,多平,S,278.8000,278.8500,26,54
sc,au1706,2017-02-08 21:17:40.500,278.8000,326746,-12,3345600.0000,12.0000,0,12,双平,S,278.8000,278.8500,20,54
sc,au1706,2017-02-08 21:17:41.000,278.8000,326722,-24,26207200.0000,94.0000,35,59,多平,S,278.7500,278.8000,38,4
sc,au1706,2017-02-08 21:17:41.500,278.8000,326722,0,3903200.0000,14.0000,7,7,空换,S,278.8000,278.8500,17,43
sc,au1706,2017-02-08 21:17:42.500,278.8000,326720,-2,557600.0000,2.0000,0,2,双平,S,278.8000,278.8500,44,42
sc,au1706,2017-02-08 21:17:43.000,278.8000,326706,-14,7248800.0000,26.0000,6,20,多平,S,278.8000,278.8500,31,43
sc,au1706,2017-02-08 21:17:43.500,278.8500,326726,20,17846400.0000,64.0000,42,22,多开,B,278.8000,278.8500,33,21
sc,au1706,2017-02-08 21:17:44.000,278.8500,326724,-2,557700.0000,2.0000,0,2,双平,B,278.8000,278.8500,46,21
sc,au1706,2017-02-08 21:17:45.000,278.8000,326724,0,1672800.0000,6.0000,3,3,空换,S,278.8000,278.8500,45,21
sc,au1706,2017-02-08 21:17:45.500,278.8000,326724,0,1672800.0000,6.0000,3,3,空换,S,278.8000,278.8500,42,21
sc,au1706,2017-02-08 21:17:46.000,278.8500,326726,2,557700.0000,2.0000,2,0,双开,B,278.8000,278.8500,43,20
sc,au1706,2017-02-08 21:17:47.000,278.8000,326724,-2,557600.0000,2.0000,0,2,双平,S,278.8000,278.8500,42,20
sc,au1706,2017-02-08 21:17:47.500,278.8000,326726,2,2230400.0000,8.0000,5,3,空开,S,278.8000,278.8500,38,20
sc,au1706,2017-02-08 21:17:50.000,278.8000,326732,6,1672800.0000,6.0000,6,0,双开,S,278.8000,278.8500,39,33
sc,au1706,2017-02-08 21:17:51.500,278.8000,326740,8,2230500.0000,8.0000,8,0,双开,S,278.8000,278.8500,35,30
sc,au1706,2017-02-08 21:17:52.500,278.8000,326742,2,557600.0000,2.0000,2,0,双开,S,278.8000,278.8500,37,38
sc,au1706,2017-02-08 21:17:53.500,278.8000,326738,-4,6691200.0000,24.0000,10,14,多平,S,278.8000,278.8500,2,40
sc,au1706,2017-02-08 21:17:54.000,278.8000,326742,4,1115200.0000,4.0000,4,0,双开,S,278.7500,278.8000,31,32
sc,au1706,2017-02-08 21:17:54.500,278.8000,326744,2,2788000.0000,10.0000,6,4,空开,S,278.7500,278.8000,43,12
sc,au1706,2017-02-08 21:17:55.000,278.8000,326784,40,11709600.0000,42.0000,41,1,空开,S,278.8000,278.8500,15,52
sc,au1706,2017-02-08 21:17:56.500,278.8000,326782,-2,557600.0000,2.0000,0,2,双平,S,278.8000,278.8500,1,52
sc,au1706,2017-02-08 21:17:58.000,278.8000,326782,0,2230400.0000,8.0000,4,4,空换,S,278.8000,278.8500,24,52
sc,au1706,2017-02-08 21:17:58.500,278.8500,326784,2,557700.0000,2.0000,2,0,双开,B,278.8000,278.8500,24,51
sc,au1706,2017-02-08 21:17:59.500,278.8000,326780,-4,1115200.0000,4.0000,0,4,双平,S,278.8000,278.8500,23,53
sc,au1706,2017-02-08 21:18:01.000,278.8000,326780,0,557600.0000,2.0000,1,1,空换,S,278.8000,278.8500,26,42
sc,au1706,2017-02-08 21:18:02.500,278.8000,326780,0,1672800.0000,6.0000,3,3,空换,S,278.8000,278.8500,23,49
sc,au1706,2017-02-08 21:18:05.500,278.8000,326776,-4,3903200.0000,14.0000,5,9,多平,S,278.8000,278.8500,18,54
sc,au1706,2017-02-08 21:18:09.000,278.8000,326776,0,1115200.0000,4.0000,2,2,空换,S,278.8000,278.8500,16,58
sc,au1706,2017-02-08 21:18:10.000,278.8000,326776,0,1115300.0000,4.0000,2,2,空换,S,278.8000,278.8500,14,57
sc,au1706,2017-02-08 21:18:11.000,278.8000,326776,0,557600.0000,2.0000,1,1,空换,S,278.8000,278.8500,13,59
sc,au1706,2017-02-08 21:18:11.500,278.8000,326778,2,6133600.0000,22.0000,12,10,空开,S,278.8000,278.8500,2,59
sc,au1706,2017-02-08 21:18:12.000,278.8000,326778,0,1672800.0000,6.0000,3,3,空换,S,278.7500,278.8000,62,17
sc,au1706,2017-02-08 21:18:12.500,278.8000,326778,0,557600.0000,2.0000,1,1,空换,S,278.7500,278.8000,62,13
sc,au1706,2017-02-08 21:18:13.500,278.8000,326784,6,2788000.0000,10.0000,8,2,空开,S,278.8000,278.8500,4,71
sc,au1706,2017-02-08 21:18:14.000,278.8000,326776,-8,4460700.0000,16.0000,4,12,多平,S,278.7500,278.8500,69,71
sc,au1706,2017-02-08 21:18:15.500,278.7500,326780,4,1115000.0000,4.0000,4,0,双开,S,278.7500,278.8000,61,2
sc,au1706,2017-02-08 21:18:16.000,278.7500,326780,0,2230000.0000,8.0000,4,4,空换,S,278.7500,278.8000,57,8
sc,au1706,2017-02-08 21:18:17.500,278.8000,326782,2,557600.0000,2.0000,2,0,双开,B,278.7500,278.8000,56,25
sc,au1706,2017-02-08 21:18:18.500,278.7500,326782,0,1672500.0000,6.0000,3,3,空换,S,278.7500,278.8000,41,47
sc,au1706,2017-02-08 21:18:19.000,278.7500,326774,-8,5575000.0000,20.0000,6,14,多平,S,278.7500,278.8000,20,47
sc,au1706,2017-02-08 21:18:19.500,278.7500,326790,16,11150000.0000,40.0000,28,12,空开,S,278.7000,278.7500,53,34
sc,au1706,2017-02-08 21:18:21.500,278.7500,326794,4,1115000.0000,4.0000,4,0,双开,S,278.7000,278.7500,46,71
sc,au1706,2017-02-08 21:18:22.000,278.7000,326800,6,2229600.0000,8.0000,7,1,空开,S,278.7000,278.7500,42,71
sc,au1706,2017-02-08 21:18:23.000,278.7000,326800,0,557400.0000,2.0000,1,1,空换,S,278.7000,278.7500,46,73
sc,au1706,2017-02-08 21:18:24.500,278.7000,326800,0,1114800.0000,4.0000,2,2,空换,S,278.7000,278.7500,45,74
sc,au1706,2017-02-08 21:18:25.000,278.7000,326800,0,1672200.0000,6.0000,3,3,空换,S,278.7000,278.7500,42,75
sc,au1706,2017-02-08 21:18:25.500,278.7000,326796,-4,2229600.0000,8.0000,2,6,多平,S,278.7000,278.7500,38,75
sc,au1706,2017-02-08 21:18:26.000,278.7000,326798,2,557400.0000,2.0000,2,0,双开,S,278.7000,278.7500,37,73
sc,au1706,2017-02-08 21:18:26.500,278.7000,326798,0,1114800.0000,4.0000,2,2,空换,S,278.7000,278.7500,35,73
sc,au1706,2017-02-08 21:18:27.000,278.7000,326798,0,1672200.0000,6.0000,3,3,空换,S,278.7000,278.7500,32,74
sc,au1706,2017-02-08 21:18:27.500,278.7000,326802,4,2229600.0000,8.0000,6,2,空开,S,278.7000,278.7500,28,74
sc,au1706,2017-02-08 21:18:29.500,278.7000,326810,8,2229600.0000,8.0000,8,0,双开,S,278.7000,278.7500,24,74
sc,au1706,2017-02-08 21:18:30.000,278.7500,326816,6,1672500.0000,6.0000,6,0,双开,B,278.7000,278.7500,24,71
sc,au1706,2017-02-08 21:18:31.000,278.7000,326814,-2,557400.0000,2.0000,0,2,双平,S,278.7000,278.7500,22,71
sc,au1706,2017-02-08 21:18:32.500,278.7000,326798,-16,4459200.0000,16.0000,0,16,双平,S,278.7000,278.7500,35,72
sc,au1706,2017-02-08 21:18:33.500,278.7000,326796,-2,557400.0000,2.0000,0,2,双平,S,278.7000,278.7500,34,72
sc,au1706,2017-02-08 21:18:34.000,278.7000,326796,0,557400.0000,2.0000,1,1,空换,S,278.7000,278.7500,33,72
sc,au1706,2017-02-08 21:18:35.000,278.7500,326802,6,1672500.0000,6.0000,6,0,双开,B,278.7000,278.7500,39,69
sc,au1706,2017-02-08 21:18:35.500,278.7500,326806,4,1672500.0000,6.0000,5,1,多开,B,278.7000,278.7500,44,66
sc,au1706,2017-02-08 21:18:36.000,278.7500,326846,40,11150000.0000,40.0000,40,0,双开,B,278.7000,278.7500,46,46
sc,au1706,2017-02-08 21:18:37.500,278.7000,326848,2,2787000.0000,10.0000,6,4,空开,S,278.7000,278.7500,41,17
sc,au1706,2017-02-08 21:18:38.500,278.7500,326852,4,1115000.0000,4.0000,4,0,双开,B,278.7000,278.7500,42,5
sc,au1706,2017-02-08 21:18:40.500,278.7000,326854,2,557400.0000,2.0000,2,0,双开,S,278.7000,278.7500,64,4
sc,au1706,2017-02-08 21:18:42.000,278.7000,326854,0,557400.0000,2.0000,1,1,空换,S,278.7000,278.7500,64,4
sc,au1706,2017-02-08 21:18:43.000,278.7000,326854,0,557400.0000,2.0000,1,1,空换,S,278.7000,278.7500,63,5
sc,au1706,2017-02-08 21:18:44.500,278.7000,326856,2,557400.0000,2.0000,2,0,双开,S,278.7000,278.7500,64,6
sc,au1706,2017-02-08 21:18:45.000,278.7000,326856,0,557400.0000,2.0000,1,1,空换,S,278.7000,278.7500,63,6
sc,au1706,2017-02-08 21:18:45.500,278.7500,326856,0,557500.0000,2.0000,1,1,多换,B,278.7000,278.7500,63,6
sc,au1706,2017-02-08 21:18:54.500,278.7500,326856,0,557500.0000,2.0000,1,1,多换,B,278.7000,278.7500,82,17
sc,au1706,2017-02-08 21:18:56.000,278.7000,326856,0,557400.0000,2.0000,1,1,空换,S,278.7000,278.7500,81,15
sc,au1706,2017-02-08 21:18:57.500,278.7500,326856,0,557500.0000,2.0000,1,1,多换,B,278.7000,278.7500,81,16
sc,au1706,2017-02-08 21:19:00.500,278.7500,326858,2,557500.0000,2.0000,2,0,双开,B,278.7000,278.7500,82,18
sc,au1706,2017-02-08 21:19:03.500,278.7000,326858,0,557400.0000,2.0000,1,1,空换,S,278.7000,278.7500,82,42
sc,au1706,2017-02-08 21:19:05.000,278.7500,326860,2,557500.0000,2.0000,2,0,双开,B,278.7000,278.7500,82,43
sc,au1706,2017-02-08 21:19:07.000,278.7500,326864,4,1672500.0000,6.0000,5,1,多开,B,278.7000,278.7500,82,40
sc,au1706,2017-02-08 21:19:08.000,278.7000,326854,-10,5574000.0000,20.0000,5,15,多平,S,278.7000,278.7500,72,41
sc,au1706,2017-02-08 21:19:08.500,278.7000,326836,-18,6131500.0000,22.0000,2,20,多平,S,278.7000,278.7500,62,40
sc,au1706,2017-02-08 21:19:10.500,278.7500,326832,-4,1672500.0000,6.0000,1,5,空平,B,278.7000,278.7500,63,37
sc,au1706,2017-02-08 21:19:11.500,278.7500,326832,0,1672500.0000,6.0000,3,3,多换,B,278.7000,278.7500,63,34
sc,au1706,2017-02-08 21:19:12.000,278.7500,326832,0,1115000.0000,4.0000,2,2,多换,B,278.7000,278.7500,63,32
sc,au1706,2017-02-08 21:19:12.500,278.7000,326830,-2,557400.0000,2.0000,0,2,双平,S,278.7000,278.7500,62,32
sc,au1706,2017-02-08 21:19:13.000,278.7000,326830,0,1672200.0000,6.0000,3,3,空换,S,278.7000,278.7500,60,32
sc,au1706,2017-02-08 21:19:13.500,278.7000,326832,2,1672400.0000,6.0000,4,2,空开,S,278.7000,278.7500,59,30
sc,au1706,2017-02-08 21:19:14.000,278.7000,326830,-2,557400.0000,2.0000,0,2,双平,S,278.7000,278.7500,58,31
sc,au1706,2017-02-08 21:19:14.500,278.7500,326830,0,1115000.0000,4.0000,2,2,多换,B,278.7000,278.7500,58,29
sc,au1706,2017-02-08 21:19:15.000,278.7000,326830,0,1672200.0000,6.0000,3,3,空换,S,278.7000,278.7500,55,30
sc,au1706,2017-02-08 21:19:16.500,278.7500,326826,-4,1115000.0000,4.0000,0,4,双平,B,278.7000,278.7500,55,30
sc,au1706,2017-02-08 21:19:17.000,278.7000,326826,0,1672200.0000,6.0000,3,3,空换,S,278.7000,278.7500,52,28
sc,au1706,2017-02-08 21:19:19.000,278.7500,326826,0,8920000.0000,32.0000,16,16,多换,B,278.7500,278.8000,36,54
sc,au1706,2017-02-08 21:19:20.000,278.7500,326832,6,1672500.0000,6.0000,6,0,双开,B,278.7500,278.8000,37,61
sc,au1706,2017-02-08 21:19:22.500,278.7500,326830,-2,557500.0000,2.0000,0,2,双平,B,278.7500,278.8000,14,61
sc,au1706,2017-02-08 21:19:23.500,278.7500,326816,-14,11150000.0000,40.0000,13,27,空平,B,278.7500,278.8000,2,61
sc,au1706,2017-02-08 21:19:24.000,278.7500,326818,2,557500.0000,2.0000,2,0,双开,B,278.7500,278.8000,2,61
sc,au1706,2017-02-08 21:19:24.500,278.7500,326818,0,557500.0000,2.0000,1,1,多换,B,278.7500,278.8000,28,61
sc,au1706,2017-02-08 21:19:25.000,278.7500,326818,0,557500.0000,2.0000,1,1,多换,B,278.7500,278.8000,27,59
sc,au1706,2017-02-08 21:19:27.000,278.7500,326820,2,557500.0000,2.0000,2,0,双开,B,278.7500,278.8000,31,66
sc,au1706,2017-02-08 21:19:30.000,278.7500,326844,24,17282500.0000,62.0000,43,19,多开,B,278.7000,278.8000,75,56
sc,au1706,2017-02-08 21:19:33.500,278.7500,326846,2,557500.0000,2.0000,2,0,双开,B,278.7000,278.7500,85,51
sc,au1706,2017-02-08 21:19:35.000,278.7000,326844,-2,557400.0000,2.0000,0,2,双平,S,278.7000,278.7500,84,50
sc,au1706,2017-02-08 21:19:36.500,278.7000,326844,0,557400.0000,2.0000,1,1,空换,S,278.7000,278.7500,83,62
sc,au1706,2017-02-08 21:19:42.500,278.7000,326848,4,1114800.0000,4.0000,4,0,双开,S,278.7000,278.7500,82,64
sc,au1706,2017-02-08 21:19:45.000,278.7000,326848,0,557400.0000,2.0000,1,1,空换,S,278.7000,278.7500,94,53
sc,au1706,2017-02-08 21:19:45.500,278.7500,326852,4,1115000.0000,4.0000,4,0,双开,B,278.7000,278.7500,93,51
sc,au1706,2017-02-08 21:19:46.000,278.7500,326854,2,557500.0000,2.0000,2,0,双开,B,278.7000,278.7500,93,50
sc,au1706,2017-02-08 21:19:47.000,278.7500,326872,18,5017500.0000,18.0000,18,0,双开,B,278.7000,278.7500,93,41
sc,au1706,2017-02-08 21:19:48.500,278.7500,326878,6,1672500.0000,6.0000,6,0,双开,B,278.7000,278.7500,98,37
sc,au1706,2017-02-08 21:19:49.000,278.7500,326880,2,557500.0000,2.0000,2,0,双开,B,278.7000,278.7500,98,36
sc,au1706,2017-02-08 21:19:53.000,278.7000,326882,2,1114900.0000,4.0000,3,1,空开,S,278.7000,278.7500,107,35
sc,au1706,2017-02-08 21:19:56.000,278.7500,326906,24,19512500.0000,70.0000,47,23,多开,B,278.7500,278.8000,1,46
sc,au1706,2017-02-08 21:19:56.500,278.7500,326904,-2,1115000.0000,4.0000,1,3,空平,B,278.7500,278.8000,11,51
sc,au1706,2017-02-08 21:19:58.500,278.7500,326908,4,1672500.0000,6.0000,5,1,多开,B,278.7500,278.8000,10,51
sc,au1706,2017-02-08 21:19:59.500,278.7500,326910,2,557500.0000,2.0000,2,0,双开,B,278.7500,278.8000,11,53
sc,au1706,2017-02-08 21:20:01.000,278.7500,326910,0,1115000.0000,4.0000,2,2,多换,B,278.7500,278.8000,10,53
sc,au1706,2017-02-08 21:20:01.500,278.7500,326910,0,1672500.0000,6.0000,3,3,多换,B,278.7500,278.8000,7,53
sc,au1706,2017-02-08 21:20:02.500,278.7000,326914,4,4459900.0000,16.0000,10,6,空开,S,278.7000,278.8000,108,49
sc,au1706,2017-02-08 21:20:04.500,278.7000,326920,6,1672200.0000,6.0000,6,0,双开,S,278.7000,278.7500,105,1
sc,au1706,2017-02-08 21:20:05.000,278.7500,326918,-2,1115000.0000,4.0000,1,3,空平,B,278.7500,278.8000,43,49
sc,au1706,2017-02-08 21:20:11.000,278.8000,326920,2,1115200.0000,4.0000,3,1,多开,B,278.7500,278.8000,56,22
sc,au1706,2017-02-08 21:20:12.500,278.8000,326916,-4,7248800.0000,26.0000,11,15,空平,B,278.7500,278.8000,72,18
sc,au1706,2017-02-08 21:20:13.000,278.8000,326928,12,11709600.0000,42.0000,27,15,多开,B,278.8000,278.8500,45,68
sc,au1706,2017-02-08 21:20:14.000,278.8000,326928,0,557600.0000,2.0000,1,1,多换,B,278.8000,278.8500,24,73
sc,au1706,2017-02-08 21:20:17.000,278.8000,326938,10,2788000.0000,10.0000,10,0,双开,B,278.8000,278.8500,22,70
sc,au1706,2017-02-08 21:20:17.500,278.8000,326938,0,2788000.0000,10.0000,5,5,多换,B,278.8000,278.8500,5,70
sc,au1706,2017-02-08 21:20:18.000,278.8000,326938,0,3345600.0000,12.0000,6,6,多换,B,278.7500,278.8000,62,11
sc,au1706,2017-02-08 21:20:19.000,278.8000,326914,-24,6691200.0000,24.0000,0,24,双平,B,278.7500,278.8000,54,19
sc,au1706,2017-02-08 21:20:19.500,278.8000,326914,0,4460800.0000,16.0000,8,8,多换,B,278.7500,278.8000,54,17
sc,au1706,2017-02-08 21:20:21.500,278.8000,326914,0,557600.0000,2.0000,1,1,多换,B,278.7500,278.8000,38,26
sc,au1706,2017-02-08 21:20:22.000,278.7500,326914,0,2230000.0000,8.0000,4,4,空换,S,278.7500,278.8000,34,26
sc,au1706,2017-02-08 21:20:23.000,278.8000,326912,-2,557600.0000,2.0000,0,2,双平,B,278.7500,278.8000,40,25
sc,au1706,2017-02-08 21:20:26.500,278.8000,326910,-2,557600.0000,2.0000,0,2,双平,B,278.7500,278.8000,42,36
sc,au1706,2017-02-08 21:20:28.500,278.7500,326910,0,1672700.0000,6.0000,3,3,空换,S,278.7500,278.8000,41,36
sc,au1706,2017-02-08 21:20:30.000,278.7500,326910,0,557500.0000,2.0000,1,1,空换,S,278.7500,278.8000,41,49
sc,au1706,2017-02-08 21:20:30.500,278.8000,326910,0,557600.0000,2.0000,1,1,多换,B,278.7500,278.8000,29,48
sc,au1706,2017-02-08 21:20:31.000,278.7500,326910,0,557500.0000,2.0000,1,1,空换,S,278.7500,278.8000,28,48
sc,au1706,2017-02-08 21:20:32.000,278.7500,326878,-32,15610000.0000,56.0000,12,44,多平,S,278.7000,278.8000,114,57
sc,au1706,2017-02-08 21:20:32.500,278.8000,326880,2,557600.0000,2.0000,2,0,双开,B,278.7000,278.8000,113,56
sc,au1706,2017-02-08 21:20:33.500,278.7500,326882,2,1115000.0000,4.0000,3,1,空开,S,278.7500,278.8000,8,56
